{"cameraMode":{"drawMode":0,"name":"Shaded","section":"Shading Mode"},"sceneLighting":false,"audioPlay":false,"sceneViewState":{"m_AlwaysRefresh":false,"showFog":false,"showSkybox":true,"showFlares":true,"showImageEffects":true,"showParticleSystems":true,"showVisualEffectGraphs":true,"m_FxEnabled":true},"in2DMode":false,"pivot":{"x":-2.02349591255188,"y":2.4933054447174074,"z":-7.656391620635986},"rotation":{"x":0.11353462934494019,"y":0.09252040833234787,"z":-0.011202404275536538,"w":0.9893707633018494},"size":1.3660335540771485,"orthographic":false}