{"cameraMode":{"drawMode":0,"name":"Shaded","section":"Shading Mode"},"sceneLighting":false,"audioPlay":false,"sceneViewState":{"m_AlwaysRefresh":false,"showFog":false,"showSkybox":true,"showFlares":true,"showImageEffects":true,"showParticleSystems":true,"showVisualEffectGraphs":true,"m_FxEnabled":true},"in2DMode":false,"pivot":{"x":-2.573608636856079,"y":4.947786331176758,"z":-0.43150806427001955},"rotation":{"x":0.5524955987930298,"y":-0.0009867455810308457,"z":0.000660306541249156,"w":0.8336033225059509},"size":25.6162052154541,"orthographic":false}