{"cameraMode":{"drawMode":0,"name":"Shaded","section":"Shading Mode"},"sceneLighting":false,"audioPlay":false,"sceneViewState":{"m_AlwaysRefresh":false,"showFog":false,"showSkybox":true,"showFlares":true,"showImageEffects":true,"showParticleSystems":true,"showVisualEffectGraphs":true,"m_FxEnabled":true},"in2DMode":false,"pivot":{"x":0.9791774749755859,"y":7.106560707092285,"z":0.7083168029785156},"rotation":{"x":-0.17335756123065949,"y":0.028652889654040338,"z":-0.005047795362770557,"w":-0.9844486117362976},"size":14.142489433288575,"orthographic":false}