{"cameraMode":{"drawMode":0,"name":"Shaded","section":"Shading Mode"},"sceneLighting":false,"audioPlay":false,"sceneViewState":{"m_AlwaysRefresh":false,"showFog":false,"showSkybox":true,"showFlares":true,"showImageEffects":true,"showParticleSystems":true,"showVisualEffectGraphs":true,"m_FxEnabled":true},"in2DMode":false,"pivot":{"x":981.0759887695313,"y":378.75787353515627,"z":668.500732421875},"rotation":{"x":0.0678214281797409,"y":-0.008843536488711834,"z":-0.003419841406866908,"w":0.9982143044471741},"size":1187.1463623046875,"orthographic":false}