{"cameraMode":{"drawMode":0,"name":"Shaded","section":"Shading Mode"},"sceneLighting":false,"audioPlay":false,"sceneViewState":{"m_AlwaysRefresh":false,"showFog":false,"showSkybox":true,"showFlares":true,"showImageEffects":true,"showParticleSystems":true,"showVisualEffectGraphs":true,"m_FxEnabled":true},"in2DMode":false,"pivot":{"x":18.9703311920166,"y":1.4518811702728272,"z":-18.907644271850587},"rotation":{"x":0.010661739856004715,"y":-0.8803866505622864,"z":0.018463680520653726,"w":0.4742276072502136},"size":1.1666078567504883,"orthographic":false}