{"cameraMode":{"drawMode":0,"name":"Shaded","section":"Shading Mode"},"sceneLighting":false,"audioPlay":false,"sceneViewState":{"m_AlwaysRefresh":false,"showFog":false,"showSkybox":true,"showFlares":true,"showImageEffects":true,"showParticleSystems":true,"showVisualEffectGraphs":true,"m_FxEnabled":true},"in2DMode":false,"pivot":{"x":3.6829402446746828,"y":13.533124923706055,"z":-4.963260650634766},"rotation":{"x":0.054119378328323367,"y":0.051529258489608768,"z":-0.004942995496094227,"w":0.9976634383201599},"size":48.194969177246097,"orthographic":false}