{"cameraMode":{"drawMode":0,"name":"Shaded","section":"Shading Mode"},"sceneLighting":false,"audioPlay":false,"sceneViewState":{"m_AlwaysRefresh":false,"showFog":false,"showSkybox":true,"showFlares":true,"showImageEffects":true,"showParticleSystems":true,"showVisualEffectGraphs":true,"m_FxEnabled":true},"in2DMode":false,"pivot":{"x":4.197187423706055,"y":-0.8436675071716309,"z":-6.031990051269531},"rotation":{"x":0.4660826325416565,"y":-0.0023914396297186615,"z":0.0012288223952054978,"w":0.8848472237586975},"size":23.667476654052736,"orthographic":false}