{"cameraMode":{"drawMode":0,"name":"Shaded","section":"Shading Mode"},"sceneLighting":false,"audioPlay":false,"sceneViewState":{"m_AlwaysRefresh":false,"showFog":false,"showSkybox":false,"showFlares":true,"showImageEffects":true,"showParticleSystems":true,"showVisualEffectGraphs":true,"m_FxEnabled":true},"in2DMode":false,"pivot":{"x":18.56454086303711,"y":1.7091583013534547,"z":-0.30991244316101076},"rotation":{"x":-0.004813418723642826,"y":-0.9928658604621887,"z":0.10803486406803131,"w":-0.05733535811305046},"size":8.98762035369873,"orthographic":false}